{"color": {"cx": 326.8588562011719, "cy": 244.8789825439453, "fx": 606.968505859375, "fy": 606.1065063476562, "width": 640, "height": 480}, "depth": {"cx": 326.8588562011719, "cy": 244.8789825439453, "fx": 606.968505859375, "fy": 606.1065063476562, "width": 640, "height": 480}}